site_code,qtr,collection_period,family,is_baseline,dens,dens_b_all,dens_sd20,dens_b_qtr,dens_b_qtr_fill,dens_RR_b_qtr,dens_RR_b_all,dens_LRR_b_qtr,dens_LRR_b_all
AR,1,2018-02-01,Centrarchidae,test,0.13675213675213677,0.26120998620912717,0.18175157230831412,0.1709443570607463,0.1709443570607463,-0.18896538617742345,-0.4588984764042658,-1.666191422613418,-0.7789262776908795
AR,1,2018-02-01,Cichlidae,test,0.02486402486402486,0.03564057548988837,0.022096760381085826,0.025340868927783936,0.025340868927783936,-0.013492709099299888,-0.23611776385797417,-4.305605806144839,-1.4434245990171295
AR,1,2018-02-01,Leuciscidae,test,0.28179228179228183,0.14925978148683988,0.15589928733449604,0.11196207334185765,0.11196207334185765,1.3924837762834104,0.8321780870733739,0.33108904196752476,-0.18370881410252146
AR,1,2018-02-01,Poeciliidae,test,0.10360010360010362,0.029003236947922232,0.03290161091956454,0.08519701810436633,0.08519701810436633,0.19331577671436753,1.9125814288640803,-1.6434302783313672,0.6484538629960042
AR,2,2018-04-01,Centrarchidae,test,0.01296859169199594,0.26120998620912717,0.18175157230831412,0.30599552451427725,0.30599552451427725,-0.9273135538001641,-0.9153106712144253,-0.07546352486935573,-0.08849173995246586
AR,2,2018-04-01,Cichlidae,test,0.00648429584599797,0.03564057548988837,0.022096760381085826,0.0313223765250835,0.0313223765250835,-0.6010806436558247,-0.6388236636137496,-0.5090261709929748,-0.4481268194736768
AR,2,2018-04-01,Leuciscidae,test,0.1458966565349544,0.14925978148683988,0.15589928733449604,0.3975532405106752,0.3975532405106752,-0.6174814943451027,-0.021117226963942477,-0.4821061796009729,-3.857666127820306
AR,2,2018-04-01,Poeciliidae,test,0.00972644376899696,0.029003236947922232,0.03290161091956454,0.00481882715770515,0.00481882715770515,0.33117442825021826,-0.49423572727217396,-1.1051100688412685,-0.7047426948958229
AR,2,2018-05-01,Centrarchidae,test,0.34814814814814815,0.26120998620912717,0.18175157230831412,0.30599552451427725,0.30599552451427725,0.13339626787013678,0.320556640093569,-2.014431122877458,-1.1376962940743856
AR,2,2018-05-01,Cichlidae,test,0.01481481481481481,0.03564057548988837,0.022096760381085826,0.0313223765250835,0.0313223765250835,-0.3994823894082732,-0.45629925678056993,-0.9175855963287228,-0.7846064198457018
AR,2,2018-05-01,Leuciscidae,test,0.2,0.14925978148683988,0.15589928733449604,0.3975532405106752,0.3975532405106752,-0.4847298975297943,0.3186003273359567,-0.7241634554876165,-1.1438178540868902
AR,2,2018-06-01,Centrarchidae,test,0.10059880239520957,0.26120998620912717,0.18175157230831412,0.30599552451427725,0.30599552451427725,-0.6499988328467211,-0.5922023228527875,-0.43078471171449545,-0.5239069409096615
AR,2,2018-06-01,Cichlidae,test,0.00958083832335329,0.03564057548988837,0.022096760381085826,0.0313223765250835,0.0313223765250835,-0.526144429000415,-0.570977400850447,-0.642179524085877,-0.5604056483047285
AR,2,2018-06-01,Ictaluridae,test,0.01916167664670658,0.012482813315700473,0.012602369849894907,0.00481882715770515,0.00481882715770515,0.9678802064672013,0.2970652843673279,-0.032646953013260184,-1.2138033516501003
AR,2,2018-06-01,Lepisosteidae,test,0.00958083832335329,0.00863994317386815,0.005403874093458766,0.00481882715770515,0.00481882715770515,0.3213487217962523,0.050477361476305736,-1.135228384778938,-2.986230330809654
AR,2,2018-06-01,Leuciscidae,test,0.09101796407185628,0.14925978148683988,0.15589928733449604,0.3975532405106752,0.3975532405106752,-0.7521355395303003,-0.3657032357525638,-0.2848387325362454,-1.0059331057593999
AR,2,2018-06-01,Poeciliidae,test,0.03353293413173652,0.029003236947922232,0.03290161091956454,0.00481882715770515,0.00481882715770515,1.9376774334736249,0.1161364424666192,0.6614900566193362,-2.152989550929641
AR,3,2017-09-01,Centrarchidae,test,0.10738255033557045,0.26120998620912717,0.18175157230831412,0.2011327943812885,0.2011327943812885,-0.44403449649045423,-0.5671894240462886,-0.8118530247696765,-0.5670619498367012
AR,3,2017-09-01,Cichlidae,test,0.04295302013422818,0.03564057548988837,0.022096760381085826,0.04006670293919856,0.04006670293919856,0.05764943616388691,0.1602180639891335,-2.8533748126464333,-1.8312194917213394
AR,3,2017-09-01,Ictaluridae,test,0.00859060402684563,0.012482813315700473,0.012602369849894907,0.021439313325661524,0.021439313325661524,-0.4086828858417995,-0.1731193171513277,-0.8948157639111346,-1.7537742276979749
AR,3,2017-09-01,Leuciscidae,test,0.08590604026845637,0.14925978148683988,0.15589928733449604,0.05655305018288738,0.05655305018288738,0.441046503577329,-0.3978012567072285,-0.818604958806054,-0.9218027534238956
AR,3,2017-09-01,Poeciliidae,test,0.01718120805369127,0.029003236947922232,0.03290161091956454,0.02076843198338525,0.02076843198338525,-0.11658780439741148,-0.3031037887961948,-2.149110604040217,-1.193679994844098
AR,3,2018-07-01,Centrarchidae,test,0.01628498727735369,0.26120998620912717,0.18175157230831412,0.2011327943812885,0.2011327943812885,-0.8755049524429389,-0.9030825241918429,-0.13295447056984364,-0.10194134082409477
AR,3,2018-07-01,Ictaluridae,test,0.00814249363867684,0.012482813315700473,0.012602369849894907,0.021439313325661524,0.021439313325661524,-0.4229360720843575,-0.19305055893483974,-0.8605342411813356,-1.6448031609907179
AR,3,2018-07-01,Leuciscidae,test,0.01628498727735369,0.14925978148683988,0.15589928733449604,0.05655305018288738,0.05655305018288738,-0.6050521019679383,-0.8349552722479046,-0.50244070570405,-0.1803771217361743
AR,3,2018-07-01,Poeciliidae,test,0.04071246819338422,0.029003236947922232,0.03290161091956454,0.02076843198338525,0.02076843198338525,0.6481980043951743,0.30021178142461225,-0.4335590669662939,-1.2032671153009773
AR,3,2018-08-01,Centrarchidae,test,0.054794520547945195,0.26120998620912717,0.18175157230831412,0.2011327943812885,0.2011327943812885,-0.6931101076087137,-0.7610909485538528,-0.36656640697492887,-0.27300241636411915
AR,4,2017-11-01,Anguillidae,test,0.0180028129395218,0.009137500898442275,0.005150639074767742,NA,0.009137500898442275,0.4632429327175698,0.4632429327175698,-0.7695036698044488,-0.7695036698044488
AR,4,2017-11-01,Centrarchidae,test,0.32855133614627285,0.26120998620912717,0.18175157230831412,0.43429285260696215,0.43429285260696215,-0.23799958932544915,0.24829966948643065,-1.435486330835474,-1.393118917574699
AR,4,2017-11-01,Cichlidae,test,0.13952180028129396,0.03564057548988837,0.022096760381085826,0.04882310736613725,0.04882310736613725,1.5418888422642103,2.2760717558090477,0.43300818581397754,0.8224510429239892
AR,4,2017-11-01,Lepisosteidae,test,0.0090014064697609,0.00863994317386815,0.005403874093458766,NA,0.00863994317386815,0.019391866837850453,0.019391866837850453,-3.942901535978832,-3.942901535978832
AR,4,2017-11-01,Leuciscidae,test,0.40956399437412094,0.14925978148683988,0.15589928733449604,0.1737663454963481,0.1737663454963481,1.283138369220379,1.6344629539052253,0.24930892800254137,0.4913142818321083
AR,4,2017-11-01,Poeciliidae,test,0.0720112517580872,0.029003236947922232,0.03290161091956454,0.017115953747077216,0.017115953747077216,2.024464952368753,1.102678089708041,0.7053054445935025,0.09774184790887915
AR,4,2017-12-01,Centrarchidae,test,0.18666666666666668,0.26120998620912717,0.18175157230831412,0.43429285260696215,0.43429285260696215,-0.5573490198802606,-0.2748546267945345,-0.5845636286835121,-1.2915129509276364
AR,4,2017-12-01,Cichlidae,test,0.02666666666666667,0.03564057548988837,0.022096760381085826,0.04882310736613725,0.04882310736613725,-0.37666219435774656,-0.1966212898697971,-0.9764065294008633,-1.62647578684823
AR,4,2017-12-01,Leuciscidae,test,0.24761904761904763,0.14925978148683988,0.15589928733449604,0.1737663454963481,0.1737663454963481,0.4018837177352867,0.6176026691354933,-0.9115924915716339,-0.4819099584941651
AR,4,2017-12-01,Poeciliidae,test,0.07238095238095238,0.029003236947922232,0.03290161091956454,0.017115953747077216,0.017115953747077216,2.038099015411991,1.112156806137624,0.7120175182189614,0.10630119860072305
EM,1,2018-02-01,Centrarchidae,test,0.8255409290361628,0.21767758696974013,0.16652631065868118,0.21810635388378496,0.21810635388378496,2.6629445642792224,2.6698426935946564,0.9794324895964257,0.9820195544198443
EM,1,2018-02-01,Clupeidae,test,0.01452564684521107,0.00497944538160712,4.1472086029297335e-4,NA,0.00497944538160712,0.6372867099155411,0.6372867099155411,-0.45053563061298657,-0.45053563061298657
EM,1,2018-02-01,Ictaluridae,test,0.03631411711302769,0.015132125493128848,0.010001372526310061,0.013106450183933275,0.013106450183933275,1.004380454131008,0.8428253163740578,0.004370887868021094,-0.17099555909074388
EM,1,2018-02-01,Lepisosteidae,test,0.00726282342260553,0.009930080359090432,0.006396227390726813,0.00554688854220835,0.00554688854220835,0.11037159465950871,-0.13383071660663537,-2.203902472995942,-2.011179586584324
EM,1,2018-02-01,Leuciscidae,test,0.12346799818429414,0.008504005455690454,0.007458006296826911,NA,0.008504005455690454,6.212924709944318,6.212924709944318,1.826631752859784,1.826631752859784
EM,1,2018-02-01,Pecidae,test,0.04599788167650174,0.006329654262431379,0.0014836885142943093,NA,0.006329654262431379,2.4292141631762885,2.4292141631762885,0.887567815411364,0.887567815411364
EM,1,2018-02-01,Poeciliidae,test,0.476925404751097,0.06256910413033936,0.05737199044326551,0.028682036170335698,0.028682036170335698,11.587894872103659,5.709816947396013,2.4499610077313005,1.7421869649046575
EM,1,2018-03-01,Centrarchidae,test,0.3615339282017051,0.21767758696974013,0.16652631065868118,0.21810635388378496,0.21810635388378496,0.6287750072538235,0.631842348412997,-0.46398178539080387,-0.45911536466639724
EM,1,2018-03-01,Clupeidae,test,0.00482045237602273,0.00497944538160712,4.1472086029297335e-4,NA,0.00497944538160712,-0.010614078260842267,-0.010614078260842267,-4.54557402124369,-4.54557402124369
EM,1,2018-03-01,Ictaluridae,test,0.00482045237602273,0.015132125493128848,0.010001372526310061,0.013106450183933275,0.013106450183933275,-0.3586010720795222,-0.41029848907627575,-1.0255447281905814,-0.8908703620260908
EM,1,2018-03-01,Lepisosteidae,test,0.00964090475204547,0.009930080359090432,0.006396227390726813,0.00554688854220835,0.00554688854220835,0.26333347658100514,-0.01450950532234379,-1.334334078210827,-4.232951304855766
EM,1,2018-03-01,Leuciscidae,test,0.06989655945232966,0.008504005455690454,0.007458006296826911,NA,0.008504005455690454,3.3177980920752175,3.3177980920752175,1.199301337618671,1.199301337618671
EM,1,2018-03-01,Pecidae,test,0.00964090475204547,0.006329654262431379,0.0014836885142943093,NA,0.006329654262431379,0.20277529679437722,0.20277529679437722,-1.5956568253632455,-1.5956568253632455
EM,1,2018-03-01,Poeciliidae,test,0.6531712969510806,0.06256910413033936,0.05737199044326551,0.028682036170335698,0.028682036170335698,16.14416723129095,8.138479865480727,2.781558822284742,2.0966034138622955
EM,2,2018-04-01,Centrarchidae,test,0.06009389671361501,0.21767758696974013,0.16652631065868118,0.11805891467783854,0.11805891467783854,-0.4526433642675153,-0.6921352793372193,-0.7926507389107358,-0.3679738520985161
EM,2,2018-04-01,Ictaluridae,test,0.0056338028169014,0.015132125493128848,0.010001372526310061,NA,0.015132125493128848,-0.3779355104216832,-0.3779355104216832,-0.9730317052676832,-0.9730317052676832
EM,2,2018-04-01,Leuciscidae,test,0.20657276995305165,0.008504005455690454,0.007458006296826911,0.0043725523954755,0.0043725523954755,14.068497507876826,10.704102145433056,2.6439380784928828,2.370627046075118
EM,2,2018-04-01,Poeciliidae,test,0.24788732394366195,0.06256910413033936,0.05737199044326551,0.017490209581902,0.017490209581902,8.381060670903011,2.5536793106950535,2.125974478191272,0.9375351861772717
EM,2,2018-05-01,Centrarchidae,test,0.31212892281594573,0.21767758696974013,0.16652631065868118,0.11805891467783854,0.11805891467783854,1.5154744097772082,0.4148468766877735,0.41572853170981633,-0.8798457986749859
EM,2,2018-05-01,Clupeidae,test,0.01357082273112807,0.00497944538160712,4.1472086029297335e-4,NA,0.00497944538160712,0.5735444224170064,0.5735444224170064,-0.5559198869695562,-0.5559198869695562
EM,2,2018-05-01,Ictaluridae,test,0.00542832909245123,0.015132125493128848,0.010001372526310061,NA,0.015132125493128848,-0.38611125045236017,-0.38611125045236017,-0.9516297374357185,-0.9516297374357185
EM,2,2018-05-01,Lepisosteidae,test,0.01628498727735369,0.009930080359090432,0.006396227390726813,0.00655882859321325,0.00655882859321325,0.5873699718183429,0.3188600750104192,-0.5321003820242416,-1.143002908757323
EM,2,2018-05-01,Leuciscidae,test,0.11399491094147582,0.008504005455690454,0.007458006296826911,0.0043725523954755,0.0043725523954755,7.627201872682655,5.700976782480585,2.0317210509952788,1.7406375255066115
EM,2,2018-05-01,Poeciliidae,test,0.2279898218829517,0.06256910413033936,0.05737199044326551,0.017490209581902,0.017490209581902,7.657257456473912,2.279492350567051,2.035653885239997,0.823952764915367
EM,2,2018-06-01,Centrarchidae,test,0.036781609195402284,0.21767758696974013,0.16652631065868118,0.11805891467783854,0.11805891467783854,-0.634686821194041,-0.7945269456777058,-0.4546235967201021,-0.2300083783158998
EM,2,2018-06-01,Clupeidae,test,0.02758620689655172,0.00497944538160712,4.1472086029297335e-4,NA,0.00497944538160712,1.509185483108932,1.509185483108932,0.41157009013048923,0.41157009013048923
EM,2,2018-06-01,Lepisosteidae,test,0.01149425287356321,0.009930080359090432,0.006396227390726813,0.00655882859321325,0.00655882859321325,0.29805395065039664,0.07848300088561024,-1.210480766411944,-2.544873226871839
EM,2,2018-06-01,Leuciscidae,test,0.00459770114942528,0.008504005455690454,0.007458006296826911,0.0043725523954755,0.0043725523954755,0.01566518929655514,-0.21110587735283473,-4.156314270606618,-1.555395482957711
EM,2,2018-06-01,Poeciliidae,test,0.02758620689655172,0.06256910413033936,0.05737199044326551,0.017490209581902,0.017490209581902,0.36725792448291683,-0.4820632368694511,-1.0016908862632865,-0.7296799767125002
EM,3,2018-07-01,Centrarchidae,test,0.01288244766505636,0.21767758696974013,0.16652631065868118,0.08816229783766273,0.08816229783766273,-0.766891686837868,-0.8994962658836612,-0.26540970422591403,-0.10592037692461165
EM,3,2018-07-01,Ictaluridae,test,0.00515297906602254,0.015132125493128848,0.010001372526310061,0.0052726973142198,0.0052726973142198,-0.007838710198610113,-0.39706734831618673,-4.848680973637381,-0.923649369568892
EM,3,2018-07-01,Lepisosteidae,test,0.00515297906602254,0.009930080359090432,0.006396227390726813,0.008933968367271975,0.008933968367271975,-0.1996934413276515,-0.2396930271728171,-1.6109718817253795,-1.4283962277737716
EM,3,2018-07-01,Leuciscidae,test,0.01545893719806762,0.008504005455690454,0.007458006296826911,0.00468619344899444,0.00468619344899444,0.733528656454596,0.37586087828559017,-0.3098886140578138,-0.9785362086204199
EM,4,2017-10-01,Catostomidae,test,0.00486885946797904,0.00661975989734209,0.0024049732815697583,0.00491918698137165,0.00491918698137165,-0.003373341553762256,-0.10535052492804436,-5.691851466907853,-2.2504621560386635
EM,4,2017-10-01,Centrarchidae,test,0.1898855192511829,0.21767758696974013,0.16652631065868118,0.3965734453337235,0.3965734453337235,-0.5083655326109334,-0.12206764876795259,-0.6765545377736273,-2.1031798898281724
EM,4,2017-10-01,Clupeidae,test,0.02434429733989524,0.00497944538160712,4.1472086029297335e-4,NA,0.00497944538160712,1.29276161199304,1.29276161199304,0.25678071465032504,0.25678071465032504
EM,4,2017-10-01,Leuciscidae,test,0.08763947042362287,0.008504005455690454,0.007458006296826911,0.01247863798914594,0.01247863798914594,3.3436559844403906,4.2766667550671436,1.207064814464021,1.4531739106298507
EM,4,2017-10-01,Pecidae,test,0.00730328920196857,0.006329654262431379,0.0014836885142943093,0.006329654262431379,0.006329654262431379,0.059623732621037276,0.059623732621037276,-2.8197015858312002,-2.8197015858312002
EM,4,2017-10-01,Poeciliidae,test,0.1801478003152248,0.06256910413033936,0.05737199044326551,0.14480392762987088,0.14480392762987088,0.22831379814767683,1.620230779943288,-1.4770342886057266,0.4825685958534088
EM,4,2017-11-01,Centrarchidae,test,0.5333333333333333,0.21767758696974013,0.16652631065868118,0.3965734453337235,0.3965734453337235,0.33637191402737726,1.3864155473746562,-1.0895378441804138,0.32672167356198945
EM,4,2017-11-01,Clupeidae,test,0.05009208103130755,0.00497944538160712,4.1472086029297335e-4,NA,0.00497944538160712,3.011635911773682,3.011635911773682,1.1024834234059595,1.1024834234059595
EM,4,2017-11-01,Ictaluridae,test,0.0441988950276243,0.015132125493128848,0.010001372526310061,0.02904290429042904,0.02904290429042904,0.3881880974953647,1.1565583476989378,-0.9462652694711038,0.14544865338292298
EM,4,2017-11-01,Lepisosteidae,test,0.00589318600368324,0.009930080359090432,0.006396227390726813,0.01967674792548661,0.01967674792548661,-0.4644566162172354,-0.20255283885826875,-0.7668871239766599,-1.596754493839116
EM,4,2017-11-01,Leuciscidae,test,0.15027624309392265,0.008504005455690454,0.007458006296826911,0.01247863798914594,0.01247863798914594,6.13015811595497,7.661705352266506,1.8132205434090989,2.0362345898181227
EM,4,2017-11-01,Pecidae,test,0.01767955801104972,0.006329654262431379,0.0014836885142943093,0.006329654262431379,0.006329654262431379,0.6950486254158093,0.6950486254158093,-0.3637734712376916,-0.3637734712376916
EM,4,2017-11-01,Poeciliidae,test,0.6040515653775322,0.06256910413033936,0.05737199044326551,0.14480392762987088,0.14480392762987088,2.966640735664676,7.461611490678612,1.0874302472445956,2.0097714084044855
EM,4,2017-12-01,Aphredoderidae,test,0.00465589989815219,0,NA,NA,0,0.46558998981521893,0.46558998981521893,-0.7644498823337874,-0.7644498823337874
EM,4,2017-12-01,Centrarchidae,test,0.686745234977448,0.21767758696974013,0.16652631065868118,0.3965734453337235,0.3965734453337235,0.7137007912692028,2.060227597501945,-0.33729146431972346,0.7228164609228025
EM,4,2017-12-01,Clupeidae,test,0.02095154954168485,0.00497944538160712,4.1472086029297335e-4,NA,0.00497944538160712,1.066268059543077,1.066268059543077,0.0641647571181363,0.0641647571181363
EM,4,2017-12-01,Ictaluridae,test,0.02095154954168485,0.015132125493128848,0.010001372526310061,0.02904290429042904,0.02904290429042904,-0.20724264487485122,0.23155319871958455,-1.5738649747407516,-1.4629456317712448
EM,4,2017-12-01,Leuciscidae,test,0.0861341481158155,0.008504005455690454,0.007458006296826911,0.01247863798914594,0.01247863798914594,3.276689190965883,4.195315595102778,1.186833519617659,1.4339685683415928
EM,4,2017-12-01,Pecidae,test,0.02095154954168485,0.006329654262431379,0.0014836885142943093,0.006329654262431379,0.006329654262431379,0.8954197709435376,0.8954197709435376,-0.110462652847749,-0.110462652847749
EM,4,2017-12-01,Poeciliidae,test,1.1150880256074494,0.06256910413033936,0.05737199044326551,0.14480392762987088,0.14480392762987088,6.267826099977794,14.503678033377811,1.8354295800083564,2.6744022747352427
GC,1,2018-02-01,Centrarchidae,test,0.12138821630347046,0.28506091585828597,0.19703533215232577,0.06817121360489138,0.06817121360489138,0.680774932925554,-0.5547081662060096,-0.3845235224279411,-0.5893131301868588
GC,1,2018-02-01,Fundulidae,test,0.01033091202582727,0.01166816809619531,0.011523768535986986,0.003558920551212545,0.003558920551212545,0.4994491596168488,-0.0617152342750584,-0.6942494686225752,-2.785224469713755
GC,1,2018-02-01,Ictaluridae,test,0.00516545601291363,0.0084248296157193,0,NA,0.0084248296157193,-0.1769011529976325,-0.1769011529976325,-1.732164160044351,-1.732164160044351
GC,1,2018-02-01,Lepisosteidae,test,0.01033091202582727,0.01594189180437306,NA,NA,0.01594189180437306,-0.2162903083883782,-0.2162903083883782,-1.5311337533682516,-1.5311337533682516
GC,1,2018-02-01,Leuciscidae,test,0.03874092009685229,0.0061721904135527954,0.0031857129108371803,NA,0.0061721904135527954,2.0138725089463385,2.0138725089463385,0.7000594898827274,0.7000594898827274
GC,1,2018-02-01,Pecidae,test,0.00516545601291363,0.00421241480785965,0,NA,0.00421241480785965,0.06705695111902699,0.06705695111902699,-2.7022130039488825,-2.7022130039488825
GC,1,2018-02-01,Poeciliidae,test,0.343502824858757,0.052000812286736316,0.03838787754823855,0.024139272891057648,0.024139272891057648,9.354726241148287,4.701583766740117,2.235881695925161,1.547899423600652
GC,2,2018-04-01,Centrarchidae,test,0.1057851239669421,0.28506091585828597,0.19703533215232577,0.25091684355082516,0.25091684355082516,-0.5562374494830656,-0.6075890850194735,-0.5865600084833023,-0.4982564725109579
GC,2,2018-04-01,Fundulidae,test,0.00881542699724517,0.01166816809619531,0.011523768535986986,0.00783910242277258,0.00783910242277258,0.05472946739888991,-0.13165585047547468,-2.9053530053026777,-2.0275639544110144
GC,2,2018-04-01,Leuciscidae,test,0.00661157024793388,0.0061721904135527954,0.0031857129108371803,0.00391955121138629,0.00391955121138629,0.19339840743899125,0.027168851166436334,-1.643002930541877,-3.6056841396017574
GC,2,2018-04-01,Poeciliidae,test,0.3085399449035813,0.052000812286736316,0.03838787754823855,0.07939764279342955,0.07939764279342955,2.563180582284805,4.137673736118547,0.9412489022876795,1.4201337304242705
GC,2,2018-05-01,Centrarchidae,test,0.12873563218390802,0.28506091585828597,0.19703533215232577,0.25091684355082516,0.25091684355082516,-0.46827644280894004,-0.5298068136867676,-0.7586964676903262,-0.6352428413609419
GC,2,2018-05-01,Fundulidae,test,0.06568144499178982,0.01166816809619531,0.011523768535986986,0.00783910242277258,0.00783910242277258,3.2424469123053163,2.492747732794202,1.1763282646165494,0.9133856092064245
GC,2,2018-05-01,Lepisosteidae,test,0.01576354679802955,0.01594189180437306,NA,NA,0.01594189180437306,-0.0068747879949699175,-0.0068747879949699175,-4.97989447300026,-4.97989447300026
GC,2,2018-05-01,Leuciscidae,test,0.01839080459770115,0.0061721904135527954,0.0031857129108371803,0.00391955121138629,0.00391955121138629,1.0396350547909385,0.7555324215023326,0.03886974271549521,-0.2803325842227712
GC,2,2018-05-01,Poeciliidae,test,0.1865353037766831,0.052000812286736316,0.03838787754823855,0.07939764279342955,0.07939764279342955,1.1984394401854166,2.169882724564359,0.18102024394138935,0.7746731221123817
GC,2,2018-06-01,Centrarchidae,test,0.10447761194029849,0.28506091585828597,0.19703533215232577,0.25091684355082516,0.25091684355082516,-0.5612486707168107,-0.6120204141327866,-0.5775912083617771,-0.4909896406000022
GC,2,2018-06-01,Ictaluridae,test,0.06567164179104477,0.0084248296157193,0,NA,0.0084248296157193,3.1070470321464936,3.1070470321464936,1.1336727677750955,1.1336727677750955
GC,2,2018-06-01,Lepisosteidae,test,0.00597014925373134,0.01594189180437306,NA,NA,0.01594189180437306,-0.38438763933788245,-0.38438763933788245,-0.9561037581317199,-0.9561037581317199
GC,2,2018-06-01,Poeciliidae,test,0.1701492537313433,0.052000812286736316,0.03838787754823855,0.07939764279342955,0.07939764279342955,1.0151454568842806,1.9055950573389857,0.01503190950139732,0.6447943258597548
GC,3,2018-07-01,Centrarchidae,test,0.014640522875816981,0.28506091585828597,0.19703533215232577,0.4317725178056141,0.4317725178056141,-0.9442235044447488,-0.9164900481511028,-0.05739237767761891,-0.0872040702980444
GC,3,2018-07-01,Poeciliidae,test,0.00418300653594771,0.052000812286736316,0.03838787754823855,0.00421241480785965,0.00421241480785965,-0.0020691960028971796,-0.771244827078147,-6.180595151550882,-0.2597494109770626
GC,3,2018-08-01,Centrarchidae,test,0.7506702412868633,0.28506091585828597,0.19703533215232577,0.4317725178056141,0.4317725178056141,0.7218595784665096,1.5780108459102176,-0.32592464866345106,0.45616509560045354
GC,3,2018-08-01,Ictaluridae,test,0.128686327077748,0.0084248296157193,0,NA,0.0084248296157193,6.527142989665781,6.527142989665781,1.8759693268232254,1.8759693268232254
GC,3,2018-08-01,Leuciscidae,test,0.16085790884718498,0.0061721904135527954,0.0031857129108371803,0.0084248296157193,0.0084248296157193,8.273242272016242,9.564920674196413,2.113026484442167,2.258102309517148
GC,3,2018-08-01,Poeciliidae,test,0.5576407506702413,0.052000812286736316,0.03838787754823855,0.00421241480785965,0.00421241480785965,38.939782109112706,8.155376030318159,3.6620164043740253,2.0986773454106804
GC,4,2017-10-01,Centrarchidae,test,0.019071775804686962,0.28506091585828597,0.19703533215232577,0.40351289824974684,0.40351289824974684,-0.929695600964958,-0.9014719529351364,-0.07289805720307135,-0.10372634837555549
GC,4,2017-10-01,Leuciscidae,test,0.02774076480681743,0.0061721904135527954,0.0031857129108371803,NA,0.0061721904135527954,1.3336829360597624,1.3336829360597624,0.2879442401276542,0.2879442401276542
GC,4,2017-10-01,Poeciliidae,test,0.00693519120170435,0.052000812286736316,0.03838787754823855,0.06824008403901882,0.06824008403901882,-0.7835484022069984,-0.7268553333884747,-0.24392244218671164,-0.31902781246254786
GC,4,2017-11-01,Centrarchidae,test,0.37409162717219585,0.28506091585828597,0.19703533215232577,0.40351289824974684,0.40351289824974684,-0.07114958493938346,0.301736714450755,-2.6429707880629616,-1.1982004483059838
GC,4,2017-11-01,Fundulidae,test,0.00758293838862559,0.01166816809619531,0.011523768535986986,0.018350688350658062,0.018350688350658062,-0.3798055916262271,-0.18853599849481698,-0.9680957581577535,-1.6684663168798741
GC,4,2017-11-01,Ictaluridae,test,0.00505529225908372,0.0084248296157193,0,0.0084248296157193,0.0084248296157193,-0.1828802451318644,-0.1828802451318644,-1.698923738539201,-1.698923738539201
GC,4,2017-11-01,Leuciscidae,test,0.01769352290679304,0.0061721904135527954,0.0031857129108371803,NA,0.0061721904135527954,0.7124163269550061,0.7124163269550061,-0.3390928095880841,-0.3390928095880841
GC,4,2017-11-01,Pecidae,test,0.00758293838862559,0.00421241480785965,0,0.00421241480785965,0.00421241480785965,0.23715347647339963,0.23715347647339963,-1.439047767379953,-1.439047767379953
GC,4,2017-11-01,Poeciliidae,test,0.24265402843601896,0.052000812286736316,0.03838787754823855,0.06824008403901882,0.06824008403901882,2.229214686298379,3.075011586421887,0.8016493648390298,1.1233086691934595
GC,4,2017-12-01,Centrarchidae,test,0.2605783866057838,0.28506091585828597,0.19703533215232577,0.40351289824974684,0.40351289824974684,-0.3456591372335761,-0.08297449081416398,-1.0623021420101972,-2.489222058012415
GC,4,2017-12-01,Fundulidae,test,0.01461187214611872,0.01166816809619531,0.011523768535986986,0.018350688350658062,0.018350688350658062,-0.13187744009229882,0.13585384961270866,-2.0258822718534213,-1.996175606281175
GC,4,2017-12-01,Ictaluridae,test,0.00974124809741248,0.0084248296157193,0,0.0084248296157193,0.0084248296157193,0.07144806813139083,0.07144806813139083,-2.638784413020909,-2.638784413020909
GC,4,2017-12-01,Lepisosteidae,test,0.00974124809741248,0.01594189180437306,NA,0.01594189180437306,0.01594189180437306,-0.2390204906303452,-0.2390204906303452,-1.4312059958706482,-1.4312059958706482
GC,4,2017-12-01,Leuciscidae,test,0.01948249619482496,0.0061721904135527954,0.0031857129108371803,NA,0.0061721904135527954,0.8230366722690649,0.8230366722690649,-0.1947545200401285,-0.1947545200401285
GC,4,2017-12-01,Pecidae,test,0.01948249619482496,0.00421241480785965,0,0.00421241480785965,0.00421241480785965,1.074418499136456,1.074418499136456,0.07177958418779713,0.07177958418779713
GC,4,2017-12-01,Poeciliidae,test,0.28249619482496197,0.052000812286736316,0.03838787754823855,0.06824008403901882,0.06824008403901882,2.738444282333494,3.7176187542874333,1.0073899789815217,1.3130833435056877
MR,1,2018-02-01,Centrarchidae,test,0.07911576497963929,0.03717799207916117,0.014674413127386534,0.027052245758717657,0.027052245758717657,1.4051380194322531,0.8889266170995503,0.34013553243237393,-0.11774059232012046
MR,1,2018-02-01,Cichlidae,test,0.00465386852821407,0.009568517317845816,0.0033918093870884698,0.00557685604740327,0.00557685604740327,-0.05925377472709369,-0.25115080053355676,-2.82592579252204,-1.3817017213193068
MR,1,2018-02-01,Cyprinodontidae,test,0.4630599185573007,0,NA,NA,0,46.30599185573007,46.30599185573007,3.835271366449625,3.835271366449625
MR,1,2018-02-01,Fundulidae,test,0.12332751599767304,0.03780535788216029,NA,NA,0.03780535788216029,1.788965963319927,1.788965963319927,0.5816377788117358,0.5816377788117358
MR,1,2018-02-01,Ictaluridae,test,0.00465386852821407,0.003706090176221133,3.893332225465644e-4,0.00377358490566037,0.00377358490566037,0.06391100273335085,0.06915016170236857,-2.7502637456706807,-2.6714748824450574
MR,1,2018-02-01,Mugilidae,test,0.02094240837696335,0.01377622223605431,0.0063377445617602704,0.00929476007900546,0.00929476007900546,0.6036689883815473,0.3014013778035024,-0.5047292637528921,-1.1993124214547943
MR,1,2018-02-01,Poeciliidae,test,0.7073880162885398,0.08497745664781609,0.09126250933491362,0.07826012613690918,0.07826012613690918,7.128110027576065,6.553245176365074,1.9640461260168363,1.8799603737272255
MR,1,2018-03-01,Anguillidae,test,0.00411840411840411,0.01822091587474316,NA,NA,0.01822091587474316,-0.49971842937104527,-0.49971842937104527,-0.6937104804414475,-0.6937104804414475
MR,1,2018-03-01,Cichlidae,test,0.00411840411840411,0.009568517317845816,0.0033918093870884698,0.00557685604740327,0.00557685604740327,-0.09362941562538805,-0.2785143662607176,-2.3684106753688976,-1.278285636526135
MR,1,2018-03-01,Clupeidae,test,0.00617760617760617,0.03584905660377358,NA,0.03584905660377358,0.03584905660377358,-0.6471550915995362,-0.6471550915995362,-0.4351693043976277,-0.4351693043976277
MR,1,2018-03-01,Cyprinodontidae,test,0.01235521235521235,0,NA,NA,0,1.235521235521235,1.235521235521235,0.21149293409423411,0.21149293409423411
MR,1,2018-03-01,Engraulidae,test,0.00823680823680823,0,NA,NA,0,0.823680823680823,0.823680823680823,-0.19397217401393077,-0.19397217401393077
MR,1,2018-03-01,Fundulidae,test,0.00411840411840411,0.03780535788216029,NA,NA,0.03780535788216029,-0.7046690006336563,-0.7046690006336563,-0.35002708906804236,-0.35002708906804236
MR,1,2018-03-01,Mugilidae,test,0.00411840411840411,0.01377622223605431,0.0063377445617602704,0.00929476007900546,0.00929476007900546,-0.2682778090738593,-0.4061964942018865,-1.3157322343492548,-0.9009182605922347
MR,1,2018-03-01,Poeciliidae,test,0.07413127413127413,0.08497745664781609,0.09126250933491362,0.07826012613690918,0.07826012613690918,-0.04678049065135452,-0.11419744115448849,-3.0622890293955476,-2.1698263887145144
MR,2,2018-04-01,Centrarchidae,test,0.0241509433962264,0.03717799207916117,0.014674413127386534,0.04974959140956494,0.04974959140956494,-0.4284321852155898,-0.276125543051437,-0.8476228143426455,-1.286899650556829
MR,2,2018-04-01,Cyprinodontidae,test,0.0060377358490566,0,NA,NA,0,0.60377358490566,0.60377358490566,-0.5045560107523959,-0.5045560107523959
MR,2,2018-04-01,Mugilidae,test,0.010062893081761,0.01377622223605431,0.0063377445617602704,0.01825768439310316,0.01825768439310316,-0.2900022237258145,-0.1561782657239134,-1.2378666880109663,-1.856757195150961
MR,2,2018-04-01,Poeciliidae,test,0.044276729559748415,0.08497745664781609,0.09126250933491362,0.01672701856408789,0.01672701856408789,1.030781302059559,-0.4285303957863305,0.030317060380059865,-0.8473936081361019
MR,2,2018-06-01,Centrarchidae,test,0.01118881118881118,0.03717799207916117,0.014674413127386534,0.04974959140956494,0.04974959140956494,-0.6453731199002107,-0.5508750954627757,-0.4379266489762465,-0.5962471825270114
MR,2,2018-06-01,Cichlidae,test,0.00745920745920745,0.009568517317845816,0.0033918093870884698,0.008612492167153155,0.008612492167153155,-0.061962938524750204,-0.1077909902103185,-2.7812188384000454,-2.2275612027541416
MR,2,2018-06-01,Cyprinodontidae,test,0.00745920745920745,0,NA,NA,0,0.745920745920745,0.745920745920745,-0.293135923134246,-0.293135923134246
MR,2,2018-06-01,Poeciliidae,test,0.02237762237762236,0.08497745664781609,0.09126250933491362,0.01672701856408789,0.01672701856408789,0.21141915997794744,-0.6591020277824332,-1.5539125758878662,-0.4168769343352154
MR,3,2018-08-01,Engraulidae,test,0.00755697248789703,0,NA,NA,0,0.755697248789703,0.755697248789703,-0.2801144475738366,-0.2801144475738366
MR,3,2018-08-01,Ictaluridae,test,0.00377848624394851,0.003706090176221133,3.893332225465644e-4,NA,0.003706090176221133,0.005282036437566832,0.005282036437566832,-5.243443566689712,-5.243443566689712
MR,3,2018-08-01,Poeciliidae,test,0.02456016058566536,0.08497745664781609,0.09126250933491362,0.08812716955513711,0.08812716955513711,-0.6478023289335152,-0.636122488373034,-0.4341696771085562,-0.45236414240393125
MR,4,2017-10-01,Engraulidae,test,0.2695970695970696,0,NA,NA,0,26.959706959706956,26.959706959706956,3.294343416537962,3.294343416537962
MR,4,2017-10-01,Poeciliidae,test,0.00879120879120879,0.08497745664781609,0.09126250933491362,0.23176328092976525,0.23176328092976525,-0.922274347374249,-0.8021508529030413,-0.08091254288174714,-0.22045859291435738
MR,4,2017-11-01,Centrarchidae,test,0.051432564640111804,0.03717799207916117,0.014674413127386534,0.035900648103696274,0.035900648103696274,0.3383812032746609,0.30214453673722524,-1.0835821986714598,-1.1968497776313518
MR,4,2017-11-01,Cichlidae,test,0.00447239692522711,0.009568517317845816,0.0033918093870884698,0.01479340091041054,0.01479340091041054,-0.41628028451916527,-0.260424451676327,-0.8763964847324457,-1.3454424726093697
MR,4,2017-11-01,Leuciscidae,test,0.00447239692522711,0,NA,NA,0,0.447239692522711,0.447239692522711,-0.8046606032027342,-0.8046606032027342
MR,4,2017-11-01,Mugilidae,test,0.00670859538784067,0.01377622223605431,0.0063377445617602704,NA,0.01377622223605431,-0.29725608963632066,-0.29725608963632066,-1.2131612570396946,-1.2131612570396946
MR,4,2017-11-01,Poeciliidae,test,0.9168413696715584,0.08497745664781609,0.09126250933491362,0.23176328092976525,0.23176328092976525,2.8336730296972408,8.758540630418853,1.0415737604759099,2.1700292963688175
MR,4,2017-12-01,Anguillidae,test,0.00404040404040404,0.01822091587474316,NA,NA,0.01822091587474316,-0.5024823395979943,-0.5024823395979943,-0.6881947847451274,-0.6881947847451274
MR,4,2017-12-01,Atherinopsidae,test,0.00606060606060606,0.00754716981132075,NA,NA,0.00754716981132075,-0.08471814923427806,-0.08471814923427806,-2.4684254236042107,-2.4684254236042107
MR,4,2017-12-01,Centrarchidae,test,0.01414141414141414,0.03717799207916117,0.014674413127386534,0.035900648103696274,0.035900648103696274,-0.474050691247863,-0.4882907669977425,-0.7464410194442231,-0.7168442165558281
MR,4,2017-12-01,Cichlidae,test,0.01414141414141414,0.009568517317845816,0.0033918093870884698,0.01479340091041054,0.01479340091041054,-0.026296786445405965,0.2336864234163515,-3.638308535651633,-1.453775133192666
MR,4,2017-12-01,Cyprinodontidae,test,0.15353535353535352,0,NA,NA,0,15.353535353535353,15.353535353535353,2.731345763705732,2.731345763705732
MR,4,2017-12-01,Engraulidae,test,0.00404040404040404,0,NA,NA,0,0.40404040404040403,0.40404040404040403,-0.9062403960206536,-0.9062403960206536
MR,4,2017-12-01,Fundulidae,test,0.101010101010101,0.03780535788216029,NA,0.03780535788216029,0.03780535788216029,1.3221267641953387,1.3221267641953387,0.2792416250286868,0.2792416250286868
MR,4,2017-12-01,Mugilidae,test,0.00606060606060606,0.01377622223605431,0.0063377445617602704,NA,0.01377622223605431,-0.3245097601648539,-0.3245097601648539,-1.125439665740686,-1.125439665740686
MR,4,2017-12-01,Poeciliidae,test,0.35151515151515145,0.08497745664781609,0.09126250933491362,0.23176328092976525,0.23176328092976525,0.4953269583571516,2.8063258827373976,-0.7025372125284075,1.0318761127619536
PD,1,2018-02-01,Centrarchidae,test,0.12888377445339472,0.20897421969279692,0.1733749619019702,0.11109646472225926,0.11109646472225926,0.1468854583982409,-0.3657528514167677,-1.918102190503066,-1.0057974430309045
PD,1,2018-02-01,Fundulidae,test,0.03989259685462217,0.029651302509657983,0.022774706860687867,0.018010654759404065,0.018010654759404065,0.7812006639320576,0.2582839326014494,-0.24692323009254788,-1.353695785222978
PD,1,2018-02-01,Ictaluridae,test,0.00920598388952819,0.01134751773049645,NA,NA,0.01134751773049645,-0.10031769819818094,-0.10031769819818094,-2.2994131469562427,-2.2994131469562427
PD,1,2018-02-01,Poeciliidae,test,0.036823935558112766,0.05175393916984243,0.034006855079973315,0.025009548267402575,0.025009548267402575,0.3374618604179643,-0.24176601221612012,-1.0863027812242254,-1.4197849122356532
PD,1,2018-03-01,Centrarchidae,test,0.11633109619686799,0.20897421969279692,0.1733749619019702,0.11109646472225926,0.11109646472225926,0.04322695535839645,-0.42307776516294804,-3.141291011688763,-0.8601992748399424
PD,1,2018-03-01,Cichlidae,test,0.00596569724086502,0.05661010512678874,0.06601091987209083,0.00826553015627018,0.00826553015627018,-0.1259110956938567,-0.760311183859038,-2.072179210807546,-0.27402747705843583
PD,1,2018-03-01,Fundulidae,test,0.0238627889634601,0.029651302509657983,0.022774706860687867,0.018010654759404065,0.018010654759404065,0.20892529126229326,-0.14598545772331084,-1.5657785489958447,-1.9242482668695289
PD,1,2018-03-01,Ictaluridae,test,0.00596569724086502,0.01134751773049645,NA,NA,0.01134751773049645,-0.25210521230499394,-0.25210521230499394,-1.3779087694566046,-1.3779087694566046
PD,1,2018-03-01,Poeciliidae,test,0.02087994034302759,0.05175393916984243,0.034006855079973315,0.025009548267402575,0.025009548267402575,-0.11795661837259605,-0.4999518936257944,-2.1374383630231626,-0.6932433979370999
PD,2,2018-04-01,Centrarchidae,test,0.03705541770057897,0.20897421969279692,0.1733749619019702,0.15172542823348797,0.15172542823348797,-0.7090413164178263,-0.7851097824821849,-0.34384147993374414,-0.24193172068209268
PD,2,2018-04-01,Fundulidae,test,0.06352357320099254,0.029651302509657983,0.022774706860687867,0.02050343624776865,0.02050343624776865,1.410337399491208,0.8542536700549545,0.34382896618398745,-0.15752709176540627
PD,2,2018-04-01,Ictaluridae,test,0.01058726220016542,0.01134751773049645,NA,NA,0.01134751773049645,-0.03561329892912793,-0.03561329892912793,-3.3350361454574013,-3.3350361454574013
PD,2,2018-04-01,Lepisosteidae,test,0.00529363110008271,0.004910826983511985,0.0011003456989498567,NA,0.004910826983511985,0.02567289641238684,0.02567289641238684,-3.662319457881936,-3.662319457881936
PD,2,2018-04-01,Poeciliidae,test,0.06087675765095119,0.05175393916984243,0.034006855079973315,0.03690618524598356,0.03690618524598356,0.5110322291028806,0.14772852717975107,-0.6713226201158727,-1.9123789653744088
PD,2,2018-05-01,Centrarchidae,test,0.00338624338624338,0.20897421969279692,0.1733749619019702,0.15172542823348797,0.15172542823348797,-0.9172285797449412,-0.9388684046687176,-0.08639856870959434,-0.0630799537177508
PD,2,2018-05-01,Cichlidae,test,0.00338624338624338,0.05661010512678874,0.06601091987209083,0.01230206174866118,0.01230206174866118,-0.39977552133506344,-0.799035846576681,-0.9168520860662829,-0.2243494699210072
PD,2,2018-05-01,Fundulidae,test,0.04063492063492063,0.029651302509657983,0.022774706860687867,0.02050343624776865,0.02050343624776865,0.6599743131767528,0.27700522883421885,-0.41555436414820884,-1.2837188963151307
PD,2,2018-05-01,Poeciliidae,test,0.13883597883597884,0.05175393916984243,0.034006855079973315,0.03690618524598356,0.03690618524598356,2.1730565607810375,1.4101455038622535,0.7761347298269585,0.34369289329446734
PD,2,2018-06-01,Centrarchidae,test,0.2032520325203252,0.20897421969279692,0.1733749619019702,0.15172542823348797,0.15172542823348797,0.3186054589538429,-0.026131784739315368,-1.1438017474601248,-3.6446028994738318
PD,2,2018-06-01,Cichlidae,test,0.01219512195121951,0.05661010512678874,0.06601091987209083,0.01230206174866118,0.01230206174866118,-0.004795063283693494,-0.6667904680682865,-5.340168372883254,-0.4052794232462358
PD,2,2018-06-01,Fundulidae,test,0.04065040650406504,0.029651302509657983,0.022774706860687867,0.02050343624776865,0.02050343624776865,0.6604819893945607,0.2773957801695915,-0.414785423529979,-1.2823099832950073
PD,2,2018-06-01,Ictaluridae,test,0.008130081300813,0.01134751773049645,NA,NA,0.01134751773049645,-0.15071712178915828,-0.15071712178915828,-1.8923505647459353,-1.8923505647459353
PD,2,2018-06-01,Poeciliidae,test,0.25609756097560976,0.05175393916984243,0.034006855079973315,0.03690618524598356,0.03690618524598356,4.672973821685806,3.308997361994336,1.541795661666605,1.1966452317177418
PD,3,2018-08-01,Centrarchidae,test,0.24289741921492083,0.20897421969279692,0.1733749619019702,0.4377023577246564,0.4377023577246564,-0.43512153811247845,0.15491869120353716,-0.8321298889580736,-1.8648548725797849
PD,3,2018-08-01,Cichlidae,test,0.03469963131641726,0.05661010512678874,0.06601091987209083,0.12270813353117285,0.12270813353117285,-0.6631733856318804,-0.32893618421208126,-0.4107188061956631,-1.1118915159914162
PD,3,2018-08-01,Cyprinidae,test,0.00693992626328345,0.00532957458521508,0.0010944012313894433,NA,0.00532957458521508,0.10504868671447064,0.10504868671447064,-2.253331353297396,-2.253331353297396
PD,3,2018-08-01,Fundulidae,test,0.0936890045543266,0.029651302509657983,0.022774706860687867,0.052289636298590306,0.052289636298590306,0.664626906108187,1.615021398832252,-0.4085294392163839,0.4793482066377687
PD,3,2018-08-01,Ictaluridae,test,0.02428974192149208,0.01134751773049645,NA,0.01134751773049645,0.01134751773049645,0.6062636581164067,0.6062636581164067,-0.50044030813241,-0.50044030813241
PD,3,2018-08-01,Lepisosteidae,test,0.00693992626328345,0.004910826983511985,0.0011003456989498567,NA,0.004910826983511985,0.13608227645691226,0.13608227645691226,-1.9944956022211675,-1.9944956022211675
PD,3,2018-08-01,Poeciliidae,test,0.13879852526566905,0.05175393916984243,0.034006855079973315,0.07966026095924175,0.07966026095924175,0.6595816660996636,1.4095390070004616,-0.41614948416561515,0.3432627055420372
PD,4,2017-10-01,Centrarchidae,test,0.1199063231850117,0.20897421969279692,0.1733749619019702,0.10239999999999995,0.10239999999999995,0.15575020627234656,-0.4067506057687533,-1.859501796934414,-0.8995550435939862
PD,4,2017-10-01,Cichlidae,test,0.00499609679937548,0.05661010512678874,0.06601091987209083,0.01706666666666666,0.01706666666666666,-0.4459570148013983,-0.7748675404305215,-0.8075327109759248,-0.2550631798100418
PD,4,2017-10-01,Fundulidae,test,0.00499609679937548,0.029651302509657983,0.022774706860687867,0.02844444444444443,0.02844444444444443,-0.6099281179353198,-0.6218006509187728,-0.4944141682086891,-0.4751357345282265
PD,4,2017-10-01,Ictaluridae,test,0.01249024199843872,0.01134751773049645,NA,NA,0.01134751773049645,0.05352960856473758,0.05352960856473758,-2.9275203470501068,-2.9275203470501068
PD,4,2017-10-01,Poeciliidae,test,0.00999219359875097,0.05175393916984243,0.034006855079973315,0.09102222222222221,0.09102222222222221,-0.8021010312486155,-0.6762604318444163,-0.2205207049242406,-0.3911770229228044
PD,4,2017-11-01,Centrarchidae,test,0.07575757575757575,0.20897421969279692,0.1733749619019702,0.10239999999999995,0.10239999999999995,-0.23703224414968163,-0.6083667936897472,-1.4395590958366604,-0.49697729982067046
PD,4,2017-11-01,Cichlidae,test,0.00757575757575757,0.05661010512678874,0.06601091987209083,0.01706666666666666,0.01706666666666666,-0.3506493506493507,-0.7361397712508776,-1.0479685558493546,-0.3063352716923685
PD,4,2017-11-01,Fundulidae,test,0.0202020202020202,0.029651302509657983,0.022774706860687867,0.02844444444444443,0.02844444444444443,-0.21439831844456095,-0.2383095058563636,-1.5399196928919892,-1.4341850053819603
PD,4,2017-11-01,Lepisosteidae,test,0.00505050505050505,0.004910826983511985,0.0011003456989498567,0.00568888888888888,0.00568888888888888,-0.04069018799896933,0.00936756003858927,-3.2017682967047136,-4.670502618073387
PD,4,2017-11-01,Poeciliidae,test,0.03787878787878788,0.05175393916984243,0.034006855079973315,0.09102222222222221,0.09102222222222221,-0.526056873175219,-0.22468447321058488,-0.6423459481821351,-1.4930582022647791
PD,4,2017-12-01,Centrarchidae,test,0.2794759825327511,0.20897421969279692,0.1733749619019702,0.10239999999999995,0.10239999999999995,1.57540909726647,0.3219637587422958,0.4545149828460584,-1.1333162902617748
PD,4,2017-12-01,Cichlidae,test,0.02465964551759568,0.05661010512678874,0.06601091987209083,0.01706666666666666,0.01706666666666666,0.2805287752806288,-0.4796638520293142,-1.2710789736102452,-0.7346697286828452
PD,4,2017-12-01,Fundulidae,test,0.07123897593972087,0.029651302509657983,0.022774706860687867,0.02844444444444443,0.02844444444444443,1.1131525533453415,1.0488349889624244,0.10719612790116567,0.04768001385904348
PD,4,2017-12-01,Poeciliidae,test,0.11233838513571366,0.05175393916984243,0.034006855079973315,0.09102222222222221,0.09102222222222221,0.2110046922804917,0.9810620468962356,-1.5558749074571685,-0.019119572796867747
PL,1,2018-02-01,Centrarchidae,test,2.059620596205962,0.43804199300830016,0.26665083851208893,0.25160690353108506,0.25160690353108506,6.911184943022891,3.6192558476714516,1.9331411054259025,1.2862684377643119
PL,1,2018-02-01,Ictaluridae,test,0.03902439024390244,0.029945162169900924,0.021783185374514114,0.00935696507207133,0.00935696507207133,1.532648587284788,0.22729230727326483,0.4269973415733725,-1.481518392632721
PL,1,2018-02-01,Leuciscidae,test,0.9105691056910568,0.2284645261406271,0.2502329730455261,0.1504089056645059,0.1504089056645059,4.738890255983795,2.8604027214856247,1.555802985085698,1.0509624266269835
PL,1,2018-02-01,Poeciliidae,test,1.951219512195122,0.40967858826208187,0.5824427730059231,0.3935277116781999,0.3935277116781999,3.8601854480792883,3.6731464674351573,1.3507152258665425,1.301048642828521
PL,1,2018-03-01,Achiridae,test,0.0043010752688172,0.021705459401157364,0.016171671933545483,NA,0.021705459401157364,-0.5489396608996886,-0.5489396608996886,-0.5997667507993966,-0.5997667507993966
PL,1,2018-03-01,Centrarchidae,test,0.04731182795698924,0.43804199300830016,0.26665083851208893,0.25160690353108506,0.25160690353108506,-0.7809238701906838,-0.8720838027431783,-0.24727761124235295,-0.13686975562757916
PL,1,2018-03-01,Ictaluridae,test,0.0043010752688172,0.029945162169900924,0.021783185374514114,0.00935696507207133,0.00935696507207133,-0.26119227804718637,-0.6419822954281758,-1.342498445389047,-0.4431945528871138
PL,1,2018-03-01,Leuciscidae,test,0.2623655913978495,0.2284645261406271,0.2502329730455261,0.1504089056645059,0.1504089056645059,0.6979455739664492,0.1421639763611225,-0.3596141535200167,-1.9507741245004564
PL,1,2018-03-01,Mugilidae,test,0.0043010752688172,0.01795337321747726,0.0030722558513713786,NA,0.01795337321747726,-0.48839536618515317,-0.48839536618515317,-0.716630024535983,-0.716630024535983
PL,1,2018-03-01,Poeciliidae,test,0.02150537634408601,0.40967858826208187,0.5824427730059231,0.3935277116781999,0.3935277116781999,-0.9219251232757701,-0.9249297504679665,-0.08129126992099735,-0.07803748979374897
PL,2,2018-04-01,Centrarchidae,test,1.0985603543743079,0.43804199300830016,0.26665083851208893,0.5242685934539193,0.5242685934539193,1.0749120722364176,1.474233155984045,0.07223886496592559,0.38813796035180437
PL,2,2018-04-01,Fundulidae,test,0.01417497231450719,0,NA,NA,0,1.417497231450719,1.417497231450719,0.3488928034966769,0.3488928034966769
PL,2,2018-04-01,Ictaluridae,test,0.02834994462901439,0.029945162169900924,0.021783185374514114,0.05254180623833676,0.05254180623833676,-0.38681104791139354,-0.03993518749783785,-0.9498189534753363,-3.2204974515483626
PL,2,2018-04-01,Leuciscidae,test,1.9915836101882616,0.2284645261406271,0.2502329730455261,0.4855019822816805,0.4855019822816805,3.0395067663935422,7.393632556516558,1.1116952543576553,2.000619164461727
PL,2,2018-04-01,Mugilidae,test,0.34374307862679954,0.01795337321747726,0.0030722558513713786,NA,0.01795337321747726,11.654754611355065,11.654754611355065,2.4557142178992843,2.4557142178992843
PL,2,2018-04-01,Poeciliidae,test,0.8363233665559247,0.40967858826208187,0.5824427730059231,0.1599852543301732,0.1599852543301732,3.978804602145412,1.0165988692933046,1.3809814229621393,0.016462613786592438
PL,2,2018-05-01,Centrarchidae,test,0.16345592527729128,0.43804199300830016,0.26665083851208893,0.5242685934539193,0.5242685934539193,-0.6753394689440007,-0.6128578838946511,-0.39253979757587937,-0.4896222069640073
PL,2,2018-05-01,Ictaluridae,test,0.01401050788091068,0.029945162169900924,0.021783185374514114,0.05254180623833676,0.05254180623833676,-0.616088672121005,-0.39891324564447916,-0.4843643775597874,-0.9190113151959444
PL,2,2018-05-01,Leuciscidae,test,0.14944541739638062,0.2284645261406271,0.2502329730455261,0.4855019822816805,0.4855019822816805,-0.6782143702792699,-0.3313663043435123,-0.3882918606633101,-1.1045308558533902
PL,2,2018-05-01,Mugilidae,test,0.10274372446001168,0.01795337321747726,0.0030722558513713786,NA,0.01795337321747726,3.033277972674905,3.033277972674905,1.1096438739216326,1.1096438739216326
PL,2,2018-05-01,Poeciliidae,test,0.37361354349095155,0.40967858826208187,0.5824427730059231,0.1599852543301732,0.1599852543301732,1.2567460042494893,-0.08593491729105877,0.22852584415401464,-2.4541650449132644
PL,2,2018-06-01,Achiridae,test,0.01138384916399857,0.021705459401157364,0.016171671933545483,0.01431767337807606,0.01431767337807606,-0.12064576114927673,-0.3255467806526096,-2.114896620978131,-1.1222491082972954
PL,2,2018-06-01,Centrarchidae,test,1.104233368907862,0.43804199300830016,0.26665083851208893,0.5242685934539193,0.5242685934539193,1.0855303541325694,1.486894948008189,0.08206867321799377,0.3966900180477649
PL,2,2018-06-01,Ictaluridae,test,0.03415154749199573,0.029945162169900924,0.021783185374514114,0.05254180623833676,0.05254180623833676,-0.29404745165591656,0.1053039991226863,-1.2240141244768725,-2.2509038821902783
PL,2,2018-06-01,Leuciscidae,test,0.30167200284596235,0.2284645261406271,0.2502329730455261,0.4855019822816805,0.4855019822816805,-0.37099746521541743,0.3069952495247172,-0.9915600487014993,-1.1809230053755173
PL,2,2018-06-01,Mugilidae,test,0.4268943436499467,0.01795337321747726,0.0030722558513713786,NA,0.01795337321747726,14.62939614660844,14.62939614660844,2.6830329391705203,2.6830329391705203
PL,2,2018-06-01,Poeciliidae,test,0.8936321593738885,0.40967858826208187,0.5824427730059231,0.1599852543301732,0.1599852543301732,4.315944391380597,1.1531528761471772,1.4623161630173793,0.1424998223911344
PL,3,2018-08-01,Centrarchidae,test,0.0353460972017673,0.43804199300830016,0.26665083851208893,0.7105477939411398,0.7105477939411398,-0.9370671902917913,-0.8987905198410113,-0.06500029142581787,-0.10670528630000763
PL,3,2018-08-01,Ictaluridae,test,0.0432007854688267,0.029945162169900924,0.021783185374514114,0.04480932033863043,0.04480932033863043,-0.029347834635891502,0.3318455246856907,-3.5285365127417556,-1.103085705436569
PL,3,2018-08-01,Leuciscidae,test,0.0274914089347079,0.2284645261406271,0.2502329730455261,0.08321730920031366,0.08321730920031366,-0.5978063596092114,-0.842779932338454,-0.5144883908328955,-0.1710494080398372
PL,3,2018-08-01,Poeciliidae,test,0.14531173294059888,0.40967858826208187,0.5824427730059231,0.2432505961239938,0.2432505961239938,-0.38672707856309707,-0.6299269553308507,-0.950036058090487,-0.462151410237859
PL,4,2017-10-01,Centrarchidae,test,0.07203463203463203,0.43804199300830016,0.26665083851208893,0.41401238538508434,0.41401238538508434,-0.8065277457399531,-0.8169041444445314,-0.21501697935524855,-0.20223351726668182
PL,4,2017-10-01,Ictaluridae,test,0.01939393939393939,0.029945162169900924,0.021783185374514114,0.023651478133253592,0.023651478133253592,-0.1265186249012641,-0.2641426947043911,-2.0673657492311315,-1.3312658116149614
PL,4,2017-10-01,Lepisosteidae,test,0.00554112554112554,0.01075432276763535,0.0016132827660976117,0.010062893081761,0.010062893081761,-0.2253796360379431,-0.25118609192294916,-1.4899690273410235,-1.3815612124696466
PL,4,2017-10-01,Leuciscidae,test,0.07203463203463203,0.2284645261406271,0.2502329730455261,0.1575590413441101,0.1575590413441101,-0.5104135749609572,-0.6559881112620723,-0.6725339505949038,-0.4216126132783822
PL,4,2017-10-01,Poeciliidae,test,0.13021645021645023,0.40967858826208187,0.5824427730059231,0.6423840593186383,0.6423840593186383,-0.785070698442732,-0.6658956302795997,-0.24198150354455433,-0.4066223320141377
PL,4,2017-11-01,Achiridae,test,0.00772946859903381,0.021705459401157364,0.016171671933545483,0.025399352412698015,0.025399352412698015,-0.49915839159040326,-0.4408070744312691,-0.694831815580219,-0.8191479721994652
PL,4,2017-11-01,Anguillidae,test,0.01545893719806763,0.028028124001278357,0.026169052496453245,NA,0.028028124001278357,-0.33052345161144947,-0.33052345161144947,-1.1070776642306401,-1.1070776642306401
PL,4,2017-11-01,Centrarchidae,test,1.0048309178743962,0.43804199300830016,0.26665083851208893,0.41401238538508434,0.41401238538508434,1.3933992327906544,1.2650352728334462,0.3317462530113575,0.23510000545354476
PL,4,2017-11-01,Haemulidae,test,0.00772946859903381,0,NA,NA,0,0.772946859903381,0.772946859903381,-0.257544978031543,-0.257544978031543
PL,4,2017-11-01,Ictaluridae,test,0.10821256038647342,0.029945162169900924,0.021783185374514114,0.023651478133253592,0.023651478133253592,2.512848972588178,1.9593711469657709,0.9214171583026963,0.6726235783763643
PL,4,2017-11-01,Leuciscidae,test,0.44830917874396137,0.2284645261406271,0.2502329730455261,0.1575590413441101,0.1575590413441101,1.73521007919082,0.9219176376518479,0.5511284891759557,-0.08129938951132354
PL,4,2017-11-01,Mugilidae,test,0.02705314009661836,0.01795337321747726,0.0030722558513713786,0.01795337321747726,0.01795337321747726,0.3255337668318205,0.3255337668318205,-1.1222890843673565,-1.1222890843673565
PL,4,2017-11-01,Poeciliidae,test,1.2173913043478262,0.40967858826208187,0.5824427730059231,0.6423840593186383,0.6423840593186383,0.8813937692311732,1.9245983442484844,-0.1262507957719474,0.6547172936303703
PL,4,2017-12-01,Centrarchidae,test,0.33518960487934235,0.43804199300830016,0.26665083851208893,0.41401238538508434,0.41401238538508434,-0.1858973539986475,-0.22955970586233068,-1.6825606178221597,-1.471592127053431
PL,4,2017-12-01,Ictaluridae,test,0.04667197029965526,0.029945162169900924,0.021783185374514114,0.023651478133253592,0.023651478133253592,0.684085616543939,0.4187442789344375,-0.37967219880687003,-0.8704948581823096
PL,4,2017-12-01,Leuciscidae,test,0.3139750729249536,0.2284645261406271,0.2502329730455261,0.1575590413441101,0.1575590413441101,0.9334980095739349,0.3585881228048958,-0.06881644822123505,-1.025580839372178
PL,4,2017-12-01,Poeciliidae,test,0.39034738796075313,0.40967858826208187,0.5824427730059231,0.6423840593186383,0.6423840593186383,-0.38633174394407616,-0.046061917005059926,-0.9510588383549987,-3.077768765719246
SF,1,2018-02-01,Cichlidae,test,0.3870206489675516,0.44577205960852445,0.1534816911851862,0.35285171102661594,0.35285171102661594,0.09416777405916466,-0.1289052485828905,-2.3626772572125656,-2.0486776516123495
SF,1,2018-02-01,Cyprinodontidae,test,0.04247787610619469,0,NA,NA,0,4.2477876106194685,4.2477876106194685,1.446398285189596,1.446398285189596
SF,1,2018-02-01,Leuciscidae,test,0.08023598820058997,0.11266345791347283,0.13731220743285485,0.05729632945389436,0.05729632945389436,0.3408753335114939,-0.2643612879049708,-1.0762384594186412,-1.330438596607175
SF,1,2018-02-01,Poeciliidae,test,3.431268436578171,1.433042186762635,1.218975850438833,2.6447139665476396,2.6447139665476396,0.2962859577122041,1.3847316926322286,-1.2164302176545694,0.32550639714119317
SF,2,2018-04-01,Cichlidae,test,0.12997198879551822,0.44577205960852445,0.1534816911851862,0.5099751130766079,0.5099751130766079,-0.7308102151902487,-0.6928903695506387,-0.31360147648313635,-0.36688348920330804
SF,2,2018-04-01,Leuciscidae,test,0.35406162464985996,0.11266345791347283,0.13731220743285485,0.26901521216973584,0.26901521216973584,0.30480923179338004,1.9679713163366888,-1.1880691675922954,0.6770032234916745
SF,2,2018-04-01,Poeciliidae,test,1.0890756302521007,1.433042186762635,1.218975850438833,1.050151988343571,1.050151988343571,0.03671515248426383,-0.23836209340643005,-3.3045657349001027,-1.4339643606011043
SF,2,2018-05-01,Cichlidae,test,0.07369027058146228,0.44577205960852445,0.1534816911851862,0.5099751130766079,0.5099751130766079,-0.8390494689519262,-0.8163769173271695,-0.17548561245105213,-0.2028791221757384
SF,2,2018-05-01,Leuciscidae,test,0.10592976396085205,0.11266345791347283,0.13731220743285485,0.26901521216973584,0.26901521216973584,-0.5845037872331941,-0.05489568015741701,-0.5369920186501259,-2.9023206192197804
SF,2,2018-05-01,Poeciliidae,test,0.6908462867012091,1.433042186762635,1.218975850438833,1.050151988343571,1.050151988343571,-0.33891904707338927,-0.5143272364936821,-1.0819939993122962,-0.6648955692257518
SF,2,2018-06-01,Cichlidae,test,0.24583333333333332,0.44577205960852445,0.1534816911851862,0.5099751130766079,0.5099751130766079,-0.5079892731411524,-0.43868140238110287,-0.6772949474904714,-0.8239818642749988
SF,2,2018-06-01,Leuciscidae,test,0.037500000000000006,0.11266345791347283,0.13731220743285485,0.26901521216973584,0.26901521216973584,-0.8297583861803782,-0.6127616096269954,-0.18662072155710643,-0.4897793099937202
SF,2,2018-06-01,Poeciliidae,test,1.4708333333333332,1.433042186762635,1.218975850438833,1.050151988343571,1.050151988343571,0.3968122963642728,0.026188525129317228,-0.924291915230311,-3.6424339363163716
SF,3,2017-09-01,Centrarchidae,test,0.01825858724181215,0.17932223292150595,0.18234976441708256,0.04548948264892429,0.04548948264892429,-0.4907397601703903,-0.8507381473071453,-0.7118413117174498,-0.16165089774972222
SF,3,2017-09-01,Characidae,test,0.00730343489672486,0.18992174942258733,0.2803417668040071,0.047361548219880645,0.047361548219880645,-0.6983443537751697,-0.9134489621729475,-0.3590429543562328,-0.09052777536206535
SF,3,2017-09-01,Cichlidae,test,0.11685495834759783,0.44577205960852445,0.1534816911851862,0.24451922272875376,0.24451922272875376,-0.5015898721221944,-0.7216701733393723,-0.6899724810112206,-0.32618706809469206
SF,3,2017-09-01,Lepisosteidae,test,0.00730343489672486,0.06807583648184078,NA,NA,0.06807583648184078,-0.7783765672398609,-0.7783765672398609,-0.2505448523149321,-0.2505448523149321
SF,3,2017-09-01,Poeciliidae,test,0.2738788086271825,1.433042186762635,1.218975850438833,0.4969770528130245,0.4969770528130245,-0.44005590183609683,-0.8032775401639194,-0.8208535105124578,-0.21905499565556197
SF,3,2018-07-01,Centrarchidae,test,0.01454545454545454,0.17932223292150595,0.18234976441708256,0.04548948264892429,0.04548948264892429,-0.5576557326953132,-0.8703509135367571,-0.5840134734988276,-0.13885879976398105
SF,3,2018-07-01,Cichlidae,test,0.07757575757575758,0.44577205960852445,0.1534816911851862,0.24451922272875376,0.24451922272875376,-0.6559169219643232,-0.8078518510964036,-0.42172114140506217,-0.21337658987564614
SF,3,2018-07-01,Cyprinidae,test,0.01454545454545454,0,NA,NA,0,1.454545454545454,1.454545454545454,0.37469344944141025,0.37469344944141025
SF,3,2018-07-01,Cyprinodontidae,test,0.02909090909090909,0,NA,NA,0,2.909090909090909,2.909090909090909,1.067840630001356,1.067840630001356
SF,3,2018-07-01,Leuciscidae,test,0.08242424242424243,0.11266345791347283,0.13731220743285485,0.01167883211678832,0.01167883211678832,3.263340475461688,-0.24652179225667387,1.1827513564710017,-1.4003048826862496
SF,3,2018-07-01,Poeciliidae,test,0.3393939393939394,1.433042186762635,1.218975850438833,0.4969770528130245,0.4969770528130245,-0.3108288877074728,-0.7578768364507898,-1.1685127185161437,-0.2772343914352829
SF,4,2017-11-01,Centrarchidae,test,0.02539682539682539,0.17932223292150595,0.18234976441708256,0.18388789650215967,0.18388789650215967,-0.8174366423309404,-0.8130339746652939,-0.20158188094999605,-0.206982381051269
SF,4,2017-11-01,Characidae,test,0.02539682539682539,0.18992174942258733,0.2803417668040071,0.09069159440253863,0.09069159440253863,-0.648462956547116,-0.8229466003621003,-0.43315039860407734,-0.19486396453880855
SF,4,2017-11-01,Cichlidae,test,2.196825396825397,0.44577205960852445,0.1534816911851862,0.5286555988712806,0.5286555988712806,3.096913503636949,3.841949720921686,1.1304059715203019,1.3459799775667423
SF,4,2017-11-01,Cyprinodontidae,test,0.00846560846560846,0,NA,NA,0,0.846560846560846,0.846560846560846,-0.16657319982581617,-0.16657319982581617
SF,4,2017-11-01,Leuciscidae,test,0.364021164021164,0.11266345791347283,0.13731220743285485,NA,0.11266345791347283,2.0491653372840646,2.0491653372840646,0.7174325576968557,0.7174325576968557
SF,4,2017-11-01,Poeciliidae,test,3.7375661375661373,1.433042186762635,1.218975850438833,1.5403257393463052,1.5403257393463052,1.4172766035261068,1.5969900062128757,0.3487371452763734,0.4681206113628727
SF,4,2017-12-01,Cichlidae,test,0.06622516556291391,0.44577205960852445,0.1534816911851862,0.5286555988712806,0.5286555988712806,-0.8584899781555431,-0.8327559490408739,-0.1525802723813025,-0.18301465808412168
SF,4,2017-12-01,Lepisosteidae,test,0.00883002207505518,0.06807583648184078,NA,NA,0.06807583648184078,-0.7588239470295686,-0.7588239470295686,-0.2759854823396972,-0.2759854823396972
SF,4,2017-12-01,Leuciscidae,test,0.03973509933774834,0.11266345791347283,0.13731220743285485,NA,0.11266345791347283,-0.5945402144717653,-0.5945402144717653,-0.5199669209477027,-0.5199669209477027
SF,4,2017-12-01,Poeciliidae,test,0.5607064017660044,1.433042186762635,1.218975850438833,1.5403257393463052,1.5403257393463052,-0.6318796835517659,-0.6045116303589539,-0.4590562770856866,-0.5033343694780367
TR,1,2018-02-01,Characidae,test,0.09572649572649572,0.014785566401116827,0.008231412798078425,0.01293713361633313,0.01293713361633313,3.6094031405567497,3.2656477570644387,1.2835424236496165,1.1834581372513082
TR,1,2018-02-01,Cichlidae,test,0.00911680911680911,0.04232723721318183,0.03722264088869431,0.01293713361633312,0.01293713361633312,-0.16655631708068466,-0.6346680976309339,-1.792421786027304,-0.45465309763088874
TR,1,2018-02-01,Cyprinodontidae,test,10.566381766381769,0.9732308406927607,1.858362953553878,0.9282393369719024,0.9282393369719024,10.27258403012205,9.756763649653122,2.3294786018463323,2.27796075216255
TR,1,2018-02-01,Fundulidae,test,0.03190883190883191,0.05962429036897552,0.04817054410840709,0.03557711744491611,0.03557711744491611,-0.08048524658273175,-0.398071683219533,-2.519681383618235,-0.921123181323513
TR,1,2018-02-01,Poeciliidae,test,2.1333333333333333,0.5695091490000493,0.6658224389758025,0.5077824944410755,0.5077824944410755,3.1394472705126346,2.6985323476457332,1.1440467559261664,0.9927080502738385
TR,2,2018-04-01,Characidae,test,0.02237762237762237,0.014785566401116827,0.008231412798078425,0.01501146500639863,0.01501146500639863,0.2945112319226112,0.3063095615262376,-1.2224381376615323,-1.1831590494169844
TR,2,2018-04-01,Cyprinodontidae,test,2.6368298368298366,0.9732308406927607,1.858362953553878,0.01501146500639863,0.01501146500639863,104.82466225599755,1.6919719431959073,4.652289071072123,0.5258946790110323
TR,2,2018-04-01,Fundulidae,test,0.04475524475524475,0.05962429036897552,0.04817054410840709,NA,0.05962429036897552,-0.2135611800843057,-0.2135611800843057,-1.5438319295913705,-1.5438319295913705
TR,2,2018-04-01,Poeciliidae,test,1.3426573426573425,0.5695091490000493,0.6658224389758025,0.3845794563058837,0.3845794563058837,2.42809875435771,1.3341432054892843,0.8871085454993276,0.288289292173528
TR,2,2018-06-01,Characidae,test,0.24444444444444444,0.014785566401116827,0.008231412798078425,0.01501146500639863,0.01501146500639863,9.173112385833875,9.265831344204393,2.2162766382603665,2.2263335852536272
TR,2,2018-06-01,Cyprinodontidae,test,1.337037037037037,0.9732308406927607,1.858362953553878,0.01501146500639863,0.01501146500639863,52.856782747129266,0.37001096923276666,3.9675860436676,-0.9942226272082729
TR,2,2018-06-01,Fundulidae,test,0.08148148148148149,0.05962429036897552,0.04817054410840709,NA,0.05962429036897552,0.31393054057245373,0.31393054057245373,-1.1585835259120452,-1.1585835259120452
TR,2,2018-06-01,Poeciliidae,test,1.1777777777777778,0.5695091490000493,0.6658224389758025,0.3845794563058837,0.3845794563058837,2.0102372508136743,1.0496273092966764,0.6982527503360584,0.04843515763509362
TR,3,2018-07-01,Centrarchidae,test,0.02983682983682981,0.038323828193211666,0.037446351748615235,NA,0.038323828193211666,-0.17562760802907737,-0.17562760802907737,-1.7393893890167578,-1.7393893890167578
TR,3,2018-07-01,Cichlidae,test,0.0149184149184149,0.04232723721318183,0.03722264088869431,0.09493295360151893,0.09493295360151893,-0.7625301293524802,-0.5237964730127647,-0.2711132573763321,-0.6466520803928895
TR,3,2018-07-01,Cyprinodontidae,test,0.1006993006993007,0.9732308406927607,1.858362953553878,0.0970318100079581,0.0970318100079581,0.03426542717599484,-0.8874127050151268,-3.3736183871901666,-0.11944512301661794
TR,3,2018-07-01,Fundulidae,test,0.00745920745920745,0.05962429036897552,0.04817054410840709,0.11318929083258028,0.11318929083258028,-0.8582733341412341,-0.7492368343478694,-0.15283265896704465,-0.2887001447143654
TR,3,2018-07-01,Poeciliidae,test,0.8727272727272727,0.5695091490000493,0.6658224389758025,0.35035399660266164,0.35035399660266164,1.4496114405540983,0.5232326776038484,0.37129554848990626,-0.6477290235956176
TR,4,2017-10-01,Characidae,test,0.01249024199843872,0.014785566401116827,0.008231412798078425,0.00563479485824969,0.00563479485824969,0.4384737505252112,-0.09260730077867742,-0.824455330933851,-2.3793872983355304
TR,4,2017-10-01,Cyprinodontidae,test,0.03747072599531616,0.9732308406927607,1.858362953553878,2.3510353110811737,2.3510353110811737,-0.9798941058727418,-0.9517196531774069,-0.020310768387802686,-0.04948476951560276
TR,4,2017-10-01,Fundulidae,test,0.02185792349726776,0.05962429036897552,0.04817054410840709,0.04486537659920285,0.04486537659920285,-0.41934375608148783,-0.542430905529723,-0.869064275178513,-0.6116945647577398
TR,4,2017-10-01,Poeciliidae,test,1.1022638563622171,0.5695091490000493,0.6658224389758025,1.0044573213710897,1.0044573213710897,0.09641266609317486,0.9193206151817327,-2.3391176949886416,-0.08412034349523047
TR,4,2017-11-01,Centrarchidae,test,0.00538720538720538,0.038323828193211666,0.037446351748615235,0.01126958971649938,0.01126958971649938,-0.2765631311040702,-0.6815814068851667,-1.285316161824272,-0.38333958247001715
TR,4,2017-11-01,Cichlidae,test,0.04309764309764309,0.04232723721318183,0.03722264088869431,0.01940675961695908,0.01940675961695908,0.8056271343484346,0.014722846561201378,-0.21613425598459546,-4.218354803860611
TR,4,2017-11-01,Cyprinodontidae,test,0.3447811447811448,0.9732308406927607,1.858362953553878,2.3510353110811737,2.3510353110811737,-0.849734926404518,-0.6391680060288034,-0.16283082942230212,-0.4475879389292004
TR,4,2017-11-01,Eleotridae,test,0.00538720538720538,0,NA,NA,0,0.5387205387205379,0.5387205387205379,-0.6185583235688742,-0.6185583235688742
TR,4,2017-11-01,Fundulidae,test,0.04848484848484848,0.05962429036897552,0.04817054410840709,0.04486537659920285,0.04486537659920285,0.06597005452247662,-0.15999361465794934,-2.7185543592738988,-1.8326213729324876
TR,4,2017-11-01,Poeciliidae,test,1.1474747474747475,0.5695091490000493,0.6658224389758025,1.0044573213710897,1.0044573213710897,0.1409792438683992,0.9973364518437464,-1.9591426060470227,-0.0026671017120912404
TR,4,2017-12-01,Cyprinodontidae,test,1.451851851851852,0.9732308406927607,1.858362953553878,2.3510353110811737,2.3510353110811737,-0.38084286796098976,0.48678396908488597,-0.9653684089738707,-0.7199348496252945
TR,4,2017-12-01,Poeciliidae,test,0.5407407407407407,0.5695091490000493,0.6658224389758025,1.0044573213710897,1.0044573213710897,-0.4571080230399568,-0.049642716269361516,-0.782835541753064,-3.00290360077611
WM,1,2018-02-01,Centrarchidae,test,0.10103519668737058,0.07597239438059614,0.06038934646517964,0.08715677545464781,0.08715677545464781,0.1428456344683973,0.2915215109145674,-1.9459907110215604,-1.2326414820392073
WM,1,2018-02-01,Ictaluridae,test,0.0082815734989648,0.00845035723084503,0.003379618515648927,0.00606060606060606,0.00606060606060606,0.13828665182233668,-0.009147992625208289,-1.9784265610768754,-4.694220808986303
WM,1,2018-02-01,Lepisosteidae,test,0.00331262939958592,0,NA,NA,0,0.331262939958592,0.331262939958592,-1.104842838418746,-1.104842838418746
WM,1,2018-02-01,Leuciscidae,test,0.01159420289855072,0.01588549318373701,0.02260880239294641,0.05606060606060605,0.05606060606060605,-0.6731152772237735,-0.1657797382775911,-0.3958386754116084,-1.7970952495533177
WM,1,2018-02-01,Pecidae,test,0.00662525879917184,0.01260835303388495,NA,0.01260835303388495,0.01260835303388495,-0.2646408708208761,-0.2646408708208761,-1.3293815765654797,-1.3293815765654797
WM,1,2018-02-01,Poeciliidae,test,0.11594202898550723,0.019938370176703885,0.012860734387052371,0.026901742859189667,0.026901742859189667,2.412901918103952,3.2067095918102857,0.8808301385328726,1.1652453621393346
WM,1,2018-03-01,Atherinopsidae,test,0.00300169770393951,0,NA,NA,0,0.30016977039395104,0.30016977039395104,-1.2034070630745308,-1.2034070630745308
WM,1,2018-03-01,Centrarchidae,test,0.10355857078591328,0.07597239438059614,0.06038934646517964,0.08715677545464781,0.08715677545464781,0.168817823095845,0.32087249173489707,-1.7789351153335085,-1.1367114567753482
WM,1,2018-03-01,Ictaluridae,test,0.00300169770393951,0.00845035723084503,0.003379618515648927,0.00606060606060606,0.00606060606060606,-0.19046033164150214,-0.29531458164921226,-1.6583113389518593,-1.2197141123480415
WM,1,2018-03-01,Lepisosteidae,test,0.00450254655590927,0,NA,NA,0,0.450254655590927,0.450254655590927,-0.7979419549663654,-0.7979419549663654
WM,1,2018-03-01,Leuciscidae,test,0.01350763966772782,0.01588549318373701,0.02260880239294641,0.05606060606060605,0.05606060606060605,-0.644150408699533,-0.09186046791270393,-0.4398230262659829,-2.387484506338439
WM,1,2018-03-01,Pecidae,test,0.00300169770393951,0.01260835303388495,NA,0.01260835303388495,0.01260835303388495,-0.4249161942732925,-0.4249161942732925,-0.8558633194474078,-0.8558633194474078
WM,1,2018-03-01,Poeciliidae,test,0.093052628822125,0.019938370176703885,0.012860734387052371,0.026901742859189667,0.026901742859189667,1.7926222676082015,2.442158948996961,0.5836795018254817,0.892882463249617
WM,2,2018-04-01,Centrarchidae,test,0.00383233532934131,0.07597239438059614,0.06038934646517964,0.03885724378504877,0.03885724378504877,-0.7168826102799056,-0.8391072456571799,-0.3328431752456532,-0.1754167551092157
WM,2,2018-04-01,Fundulidae,test,0.00255489021956087,0,NA,NA,0,0.255489021956087,0.255489021956087,-1.3645758371652508,-1.3645758371652508
WM,2,2018-04-01,Leuciscidae,test,0.01149700598802392,0.01588549318373701,0.02260880239294641,0.00706495341546341,0.00706495341546341,0.259716652290677,-0.16953461788667903,-1.348164041111213,-1.7746981376951854
WM,2,2018-04-01,Pecidae,test,0.00766467065868263,0.01260835303388495,NA,NA,0.01260835303388495,-0.21866618801435145,-0.21866618801435145,-1.520208967667312,-1.520208967667312
WM,2,2018-04-01,Poeciliidae,test,0.04598802395209581,0.019938370176703885,0.012860734387052371,0.02237235248230082,0.02237235248230082,0.7295012459383842,0.8701092818894359,-0.3153942030860271,-0.13913646385478712
WM,2,2018-05-01,Centrarchidae,test,0.052991452991452956,0.07597239438059614,0.06038934646517964,0.03885724378504877,0.03885724378504877,0.2892960820423832,-0.267306052770934,-1.2403046099801627,-1.3193610119823995
WM,2,2018-05-01,Clupeidae,test,0.00341880341880341,0,NA,NA,0,0.341880341880341,0.341880341880341,-1.0732944806838225,-1.0732944806838225
WM,2,2018-05-01,Lepisosteidae,test,0.00512820512820512,0,NA,NA,0,0.512820512820512,0.512820512820512,-0.667829372575657,-0.667829372575657
WM,2,2018-05-01,Leuciscidae,test,0.00341880341880341,0.01588549318373701,0.02260880239294641,0.00706495341546341,0.00706495341546341,-0.2136630501057237,-0.48160912664264033,-1.5433550370550866,-0.7306224344971533
WM,2,2018-05-01,Poeciliidae,test,0.03589743589743589,0.019938370176703885,0.012860734387052371,0.02237235248230082,0.02237235248230082,0.41779736034104226,0.5330639452494419,-0.8727587478761782,-0.6291138896869894
WM,2,2018-06-01,Aphredoderidae,test,0.00282935455349248,0.00793264946442548,0.00894422611151981,NA,0.00793264946442548,-0.28458120039968665,-0.28458120039968665,-1.2567366517285494,-1.2567366517285494
WM,2,2018-06-01,Centrarchidae,test,0.00990274093722369,0.07597239438059614,0.06038934646517964,0.03885724378504877,0.03885724378504877,-0.5926347989504414,-0.7684984688327383,-0.5231769230719318,-0.26331670841570126
WM,2,2018-06-01,Clupeidae,test,0.00282935455349248,0,NA,NA,0,0.28293545534924797,0.28293545534924797,-1.26253648032235,-1.26253648032235
WM,2,2018-06-01,Ictaluridae,test,0.00141467727674624,0.00845035723084503,0.003379618515648927,NA,0.00845035723084503,-0.38133028353167303,-0.38133028353167303,-0.9640893934741123,-0.9640893934741123
WM,2,2018-06-01,Lepisosteidae,test,0.00282935455349248,0,NA,NA,0,0.28293545534924797,0.28293545534924797,-1.26253648032235,-1.26253648032235
WM,2,2018-06-01,Leuciscidae,test,0.00141467727674624,0.01588549318373701,0.02260880239294641,0.00706495341546341,0.00706495341546341,-0.3311041056576909,-0.5590318795271129,-1.1053224344523858,-0.5815487778876647
WM,2,2018-06-01,Poeciliidae,test,0.00565870910698496,0.019938370176703885,0.012860734387052371,0.02237235248230082,0.02237235248230082,-0.5162937535804306,-0.4769685519096974,-0.6610793856000309,-0.7403047191776896
WM,4,2017-10-01,Centrarchidae,test,0.02581559337008486,0.07597239438059614,0.06038934646517964,0.08964724270758882,0.08964724270758882,-0.6405761725371127,-0.583405887109172,-0.44538723803879315,-0.5388721305655392
WM,4,2017-10-01,Ictaluridae,test,0.00607425726354938,0.00845035723084503,0.003379618515648927,NA,0.00845035723084503,-0.12878341256847434,-0.12878341256847434,-2.0496232580115628,-2.0496232580115628
WM,4,2017-10-01,Leuciscidae,test,0.00303712863177469,0.01588549318373701,0.02260880239294641,0.003814909860874195,0.003814909860874195,-0.056300130578650597,-0.49635386356225647,-2.877058424502582,-0.7004661720293726
WM,4,2017-11-01,Centrarchidae,test,0.06977626090254076,0.07597239438059614,0.06038934646517964,0.08964724270758882,0.08964724270758882,-0.19941326287731548,-0.07207119823399777,-1.61237590973799,-2.6301007842092816
WM,4,2017-11-01,Lepisosteidae,test,0.00758437618505878,0,NA,NA,0,0.758437618505878,0.758437618505878,-0.2764947268112042,-0.2764947268112042
WM,4,2017-11-01,Leuciscidae,test,0.00303375047402351,0.01588549318373701,0.02260880239294641,0.003814909860874195,0.003814909860874195,-0.05654466042250772,-0.4964843674598335,-2.8727245031148896,-0.7002032814712716
WM,4,2017-11-01,Poeciliidae,test,0.08342813803564658,0.019938370176703885,0.012860734387052371,0.01824870022828965,0.01824870022828965,2.307342896509023,2.1206821708800416,0.8360966012239816,0.7517378156412536
WM,4,2017-12-01,Aphredoderidae,test,0.0064516129032258,0.00793264946442548,0.00894422611151981,0.0048687958560783146,0.0048687958560783146,0.10645226839269809,-0.0825888312899741,-2.240058578403294,-2.49388082200459
WM,4,2017-12-01,Centrarchidae,test,0.29892473118279567,0.07597239438059614,0.06038934646517964,0.08964724270758882,0.08964724270758882,2.100183434972947,2.5933014708791178,0.7420246909017069,0.9529317631533141
WM,4,2017-12-01,Ictaluridae,test,0.0258064516129032,0.00845035723084503,0.003379618515648927,NA,0.00845035723084503,0.9406915088366156,0.9406915088366156,-0.06114002647569629,-0.06114002647569629
WM,4,2017-12-01,Lepisosteidae,test,0.0043010752688172,0,NA,NA,0,0.43010752688172,0.43010752688172,-0.8437200390393207,-0.8437200390393207
WM,4,2017-12-01,Leuciscidae,test,0.2193548387096774,0.01588549318373701,0.02260880239294641,0.003814909860874195,0.003814909860874195,15.601978660696382,7.860361944109043,2.7473977434364576,2.0618326542497334
WM,4,2017-12-01,Poeciliidae,test,0.2258064516129032,0.019938370176703885,0.012860734387052371,0.01824870022828965,0.01824870022828965,7.3475150965266325,6.876395749705593,1.9943621739568862,1.9280946410862367
